"Altitude [km]","Refraction []"
34.474,1.001715397
34.854,1.001660895
35.173,1.001615877
35.448,1.001578415
35.585,1.001560116
35.801,1.001531665
35.936,1.001513722
36.1,1.001492353
36.226,1.001476064
36.315,1.001464472
36.446,1.001447701
36.568,1.001432356
36.649,1.001422369
36.74,1.001411351
36.82,1.001401687
36.904,1.001391662
36.967,1.001384034
37.042,1.00137515
37.111,1.001367061
37.186,1.001358429
37.258,1.001349991
37.322,1.001342467
37.396,1.001333812
37.471,1.001324882
37.545,1.001315918
37.586,1.001310888
37.675,1.001300469
37.748,1.001291964
37.81,1.001284796
37.874,1.00127732
37.948,1.001268688
38.017,1.001260571
38.088,1.00125205
38.139,1.001246015
38.197,1.001239375
38.262,1.001231935
38.324,1.001224874
38.371,1.001219484
38.43,1.001213105
38.493,1.001206351
38.558,1.001199404
38.614,1.001193324
38.663,1.001187918
38.716,1.001182192
38.757,1.001177729
38.806,1.001172464
38.872,1.001165227
38.921,1.001159704
38.984,1.001153071
39.038,1.001147605
39.084,1.001142975
39.121,1.001139244
39.163,1.001135047
39.207,1.0011307
39.25,1.001126377
39.293,1.001122037
39.336,1.001117676
39.379,1.001113316
39.421,1.001109032
39.46,1.001104995
39.508,1.001099962
39.555,1.001095035
39.589,1.001091526
39.621,1.001088278
39.658,1.001084462
39.695,1.001080711
39.736,1.001076421
39.773,1.001072488
39.816,1.001068101
39.862,1.001063341
39.905,1.001059009
39.939,1.001055498
39.975,1.001051862
40.021,1.00104696
40.054,1.001043398
40.098,1.001038965
40.144,1.001034433
40.192,1.001029784
40.231,1.001025954
40.272,1.001021975
40.304,1.001018884
40.334,1.001015929
40.366,1.001012756
40.396,1.001009845
40.438,1.001005726
40.485,1.001001194
40.526,1.000997228
40.559,1.000994105
40.599,1.00099021
40.648,1.000985562
40.694,1.000981225
40.731,1.000977744
40.766,1.000974361
40.8,1.000971206
40.831,1.000968284
40.864,1.000965272
40.894,1.000962497
40.928,1.000959357
40.961,1.000956375
40.989,1.000953828
41.025,1.000950487
41.06,1.000947282
41.085,1.000945001
41.121,1.000941695
41.164,1.000937804
41.203,1.000934206
41.236,1.000931249
41.268,1.000928321
41.309,1.000924664
41.349,1.000920974
41.376,1.0009185
41.4,1.000916343
41.43,1.000913649
41.46,1.000910941
41.488,1.000908456
41.516,1.00090597
41.552,1.00090266
41.586,1.000899532
41.615,1.00089696
41.647,1.000894112
41.677,1.000891526
41.707,1.000888936
41.733,1.000886682
41.766,1.000883737
41.802,1.000880694
41.828,1.000878397
41.857,1.000875933
41.888,1.000873237
41.92,1.000870491
41.958,1.00086725
41.985,1.00086485
42.011,1.000862616
42.04,1.000860221
42.069,1.000857766
42.094,1.000855655
42.117,1.000853767
42.141,1.000851768
42.166,1.000849666
42.192,1.00084754
42.221,1.00084521
42.256,1.000842363
42.297,1.000839036
42.34,1.000835582
42.382,1.000832199
42.423,1.000828883
42.46,1.000825834
42.492,1.000823288
42.522,1.000820857
42.559,1.000817859
42.608,1.000813923
42.667,1.000809228
42.726,1.000804409
42.774,1.000800466
42.807,1.00079777
42.839,1.000795073
42.876,1.000791995
42.909,1.000789278
42.942,1.000786589
42.969,1.000784321
42.997,1.00078195
43.02,1.000780012
43.049,1.000777652
43.077,1.000775392
43.104,1.000773266
43.128,1.000771345
43.156,1.000769161
43.192,1.000766339
43.235,1.000762958
43.285,1.000759076
43.337,1.000754936
43.384,1.000751202
43.422,1.000748135
43.455,1.000745384
43.488,1.000742525
43.505,1.000741075
43.528,1.000739315
43.56,1.000736889
43.596,1.000734122
43.632,1.000731399
43.663,1.000728993
43.69,1.000726925
43.716,1.000724922
43.745,1.000722732
43.777,1.000720314
43.811,1.000717784
43.841,1.000715434
43.867,1.000713512
43.887,1.000711907
43.907,1.000710412
43.93,1.000708692
43.955,1.000706826
43.978,1.000705106
44.003,1.000703309
44.034,1.000701009
44.073,1.000698234
44.111,1.000695425
44.149,1.000692715
44.183,1.000690232
44.211,1.000688125
44.238,1.000686209
44.262,1.000684393
44.287,1.000682621
44.313,1.000680757
44.342,1.000678668
44.37,1.000676643
44.398,1.000674574
44.426,1.000672592
44.452,1.00067078
44.48,1.000668821
44.509,1.000666864
44.536,1.000665013
44.564,1.000663111
44.596,1.000660956
44.635,1.00065841
44.677,1.000655579
44.717,1.000652935
44.752,1.000650624
44.784,1.000648482
44.815,1.000646447
44.84,1.000644799
44.863,1.000643316
44.894,1.000641335
44.939,1.000638522
44.99,1.000635309
45.04,1.000632238
45.086,1.000629334
45.132,1.000626474
45.177,1.000623648
45.218,1.000621139
45.257,1.00061872
45.297,1.000616246
45.34,1.000613608
45.388,1.000610753
45.437,1.000607806
45.484,1.000604967
45.528,1.000602323
45.571,1.000599773
45.614,1.000597243
45.672,1.000593904
45.755,1.000589087
45.861,1.000582999
45.963,1.000576986
46.042,1.000572268
46.097,1.000568856
46.136,1.000566422
46.163,1.000564707
46.192,1.000562933
46.224,1.000560927
46.256,1.00055899
46.291,1.000556896
46.332,1.000554442
46.371,1.000552046
46.406,1.000549959
46.435,1.000548203
46.461,1.000546654
46.518,1.00054341
46.568,1.000540642
46.638,1.000536698
46.681,1.000534295
46.708,1.000532748
46.754,1.000530193
46.792,1.000528106
46.852,1.000524888
46.915,1.000521505
46.974,1.000518312
47.02,1.000515837
47.076,1.000512843
47.115,1.000510738
47.167,1.000507967
47.194,1.000506493
47.253,1.000503455
47.361,1.000497893
47.407,1.00049543
47.459,1.000492754
47.528,1.000489264
47.591,1.000486108
47.642,1.000483586
47.735,1.000479029
47.84,1.000473853
47.905,1.000470579
47.974,1.000467093
48.029,1.000464304
48.08,1.000461691
48.127,1.000459305
48.179,1.000456634
48.214,1.000454869
48.263,1.000452424
48.308,1.000450235
48.357,1.00044784
48.423,1.000444669
48.457,1.000442969
48.514,1.00044027
48.557,1.000438232
48.628,1.00043499
48.69,1.000432108
48.758,1.000429027
48.827,1.00042585
48.888,1.000423052
48.95,1.00042023
49.002,1.000417903
49.059,1.000415349
49.13,1.000412251
49.205,1.000408947
49.276,1.000405865
49.37,1.000401813
49.465,1.000397686
49.543,1.000394208
49.583,1.000392366
49.614,1.000390989
49.663,1.000388861
49.735,1.000385792
49.8,1.000383036
49.858,1.000380586
49.912,1.000378363
49.986,1.000375349
50.05,1.000372751
50.124,1.000369768
50.228,1.00036567
50.304,1.000362604
50.368,1.000360056
50.445,1.000357028
50.522,1.000353975
50.579,1.000351689
50.637,1.000349468
50.721,1.000346279
50.813,1.000342796
50.876,1.00034039
50.948,1.000337695
51.027,1.000334775
51.105,1.000331902
51.196,1.000328599
51.287,1.00032533
51.359,1.000322726
51.443,1.000319744
51.529,1.000316699
51.617,1.000313612
51.712,1.000310332
51.795,1.000307413
51.871,1.000304812
51.956,1.00030191
52.053,1.000298678
52.151,1.00029543
52.248,1.000292207
52.343,1.000289084
52.436,1.000286012
52.518,1.000283358
52.629,1.000279795
52.707,1.000277283
52.819,1.000273752
52.912,1.000270824
53.007,1.000267839
53.105,1.000264797
53.211,1.000261552
53.288,1.000259178
53.406,1.000255649
53.498,1.000252909
53.608,1.000249652
53.702,1.000246906
53.829,1.000243262
53.932,1.000240297
54.054,1.000236829
54.189,1.000232977
54.255,1.000231032
54.387,1.000227351
54.476,1.000224864
54.593,1.000221641
54.69,1.000218974
54.812,1.000215682
54.905,1.000213179
55.044,1.000209531
55.157,1.000206545
55.272,1.000203535
55.387,1.000200528
55.502,1.000197553
55.603,1.000194952
55.717,1.000192035
55.801,1.000189895
55.917,1.000187071
56.043,1.000184008
56.159,1.000181222
56.261,1.000178778
56.382,1.000175942
56.463,1.000174064
56.629,1.000170433
56.764,1.000167463
56.902,1.00016447
57.049,1.00016134
57.208,1.000158007
57.414,1.000153741
57.677,1.00014807
57.76,1.00014608
57.84,1.000144236
57.918,1.000142492
58.063,1.000139389
58.13,1.000137912
58.234,1.000135779
58.36,1.000133283
58.47,1.000131135
58.573,1.000129192
58.748,1.000126116
58.973,1.000122204
59.183,1.000118435
59.316,1.000115936
59.398,1.000114412
59.556,1.00011169
59.705,1.000109151
59.845,1.00010683
60.027,1.000103909
60.21,1.000100972
60.331,1.000099015
60.534,1.000095948
60.731,1.00009298
60.948,1.000089668
61.108,1.000087134
61.232,1.000085127
61.297,1.000084076
61.401,1.000082604
61.61,1.000080006
62.043,1.000074695
62.335,1.000070647
62.575,1.000066935
62.68,1.000065188
62.748,1.000064144
62.856,1.00006267
62.927,1.00006176
63.088,1.000060045
63.366,1.000057286
63.553,1.000055345
63.676,1.00005413
63.983,1.000051549
64.253,1.000049334
64.879,1.000044022
65.027,1.000042386
65.109,1.0000415
65.334,1.000039502
65.529,1.000037791
65.709,1.000036273
65.906,1.000034729
66.137,1.000033031
66.29,1.000031952
66.595,1.000030176
66.887,1.000028537
67.23,1.000026705
67.492,1.000025289
67.73,1.000024121
68.081,1.0000227
68.546,1.000020962
68.924,1.000019496
69.267,1.000018233
69.677,1.000016874
70.05,1.000015714
70.561,1.000014279
70.924,1.0000132
71.321,1.000012173
71.739,1.000011233
72.212,1.000010334
72.737,1.000009471
73.299,1.000008638
73.931,1.000007726
74.438,1.000006914
74.901,1.000006248
75.468,1.000005627
76.083,1.000005024
76.663,1.000004467
77.257,1.00000396
77.865,1.0000035
78.486,1.000003083
79.12,1.000002703
79.772,1.000002346
80.412,1.000002005
81.028,1.000001706
81.677,1.000001464
82.345,1.000001261
83.024,1.000001083
83.699,1.000000926
84.39,1.000000796
85.083,1.000000682
85.781,1.000000582
86.487,1.000000491
87.177,1.000000406
87.886,1.000000344
88.594,1.000000286
89.301,1.000000236
90.011,1.000000195
90.724,1.00000016
91.436,1.000000132
92.152,1.00000011
92.869,1.000000093
93.588,1.00000008
94.308,1.000000068
95.025,1.000000057
