"ALT [km]","RHO [g/cm3]","T [K]","CO2 [cm-3]","O [cm-3]","CO [cm-3]","HE [cm-3]","N [cm-3]","N2 [cm-3]","M [mole]","NTOT [cm-3]","P [mbar]","SS [cm/s]","MFP [cm]","HP [km]","HRHO [km]"
150.,.342E-13,127.4,.710E+08,.851E+09,.724E+08,.189E+08,.580E+07,.591E+08,19.1,.108E+10,.190E-07,.279E+05,.408E+06,6.6,5.5
145.,.919E-13,127.4,.411E+09,.161E+10,.221E+09,.221E+08,.101E+08,.180E+09,22.5,.246E+10,.432E-07,.257E+05,.152E+06,5.6,4.5
140.,.313E-12,127.4,.238E+10,.304E+10,.676E+09,.223E+08,.177E+08,.564E+09,28.1,.670E+10,.118E-06,.230E+05,.452E+05,4.4,3.7
135.,.136E-11,127.5,.137E+11,.630E+10,.206E+10,.250E+08,.318E+08,.196E+10,33.9,.241E+11,.424E-06,.209E+05,.105E+05,3.7,3.2
130.,.685E-11,127.6,.794E+11,.155E+11,.625E+10,.377E+08,.861E+08,.734E+10,38.0,.109E+12,.191E-05,.198E+05,.211E+04,3.3,3.0
125.,.369E-10,128.0,.457E+12,.467E+11,.190E+11,.761E+08,.253E+09,.298E+11,40.2,.553E+12,.976E-05,.193E+05,.396E+03,3.1,3.0
120.,.202E-09,129.0,.260E+13,.133E+12,.569E+11,.187E+09,.665E+09,.135E+12,41.7,.292E+13,.521E-04,.190E+05,.725E+02,3.0,3.0
115.,.109E-08,131.0,.144E+14,.256E+12,.167E+12,.555E+09,.699E+09,.640E+12,42.7,.154E+14,.279E-03,.189E+05,.134E+02,3.0,3.0
110.,.544E-08,138.0,.722E+14,.279E+12,.427E+12,.164E+10,.127E+09,.304E+13,43.2,.760E+14,.145E-02,.193E+05,.270E+01,3.1,3.3
105.,.221E-07,156.0,.294E+15,.255E+12,.806E+12,.423E+10,.156E+08,.114E+14,43.3,.307E+15,.661E-02,.205E+05,.668E+00,3.5,3.7
100.,.803E-07,170.0,.107E+16,.218E+12,.108E+13,.100E+11,.172E+07,.396E+14,43.4,.111E+16,.261E-01,.214E+05,.184E+00,3.8,3.9
