"ALT [km]","RHO [g/cm3]","T [K]","CO2 [cm-3]","O [cm-3]","CO [cm-3]","HE [cm-3]","N [cm-3]","N2 [cm-3]","H [cm-3]","MMWT [g/mole]"
150.,.548E-12,250.7,.523E+10,.278E+10,.115E+10,.399E+07,.303E+08,.834E+09,.317E+06,33.0
155.,.255E-12,262.8,.209E+10,.193E+10,.630E+09,.358E+07,.219E+08,.457E+09,.300E+06,29.9
160.,.130E-12,271.3,.879E+09,.138E+10,.359E+09,.326E+07,.163E+08,.260E+09,.288E+06,27.0
165.,.717E-13,277.4,.382E+09,.101E+10,.209E+09,.298E+07,.123E+08,.152E+09,.278E+06,24.5
170.,.423E-13,281.7,.170E+09,.741E+09,.124E+09,.275E+07,.941E+07,.902E+08,.270E+06,22.4
175.,.264E-13,284.7,.767E+08,.552E+09,.747E+08,.255E+07,.726E+07,.542E+08,.263E+06,20.7
180.,.173E-13,286.8,.350E+08,.413E+09,.452E+08,.236E+07,.563E+07,.328E+08,.257E+06,19.5
185.,.118E-13,288.4,.161E+08,.311E+09,.276E+08,.220E+07,.438E+07,.200E+08,.251E+06,18.6
190.,.822E-14,289.4,.749E+07,.234E+09,.169E+08,.204E+07,.342E+07,.123E+08,.246E+06,17.9
195.,.587E-14,290.2,.349E+07,.177E+09,.104E+08,.190E+07,.268E+07,.753E+07,.242E+06,17.4
200.,.426E-14,290.7,.163E+07,.134E+09,.639E+07,.177E+07,.210E+07,.454E+07,.237E+06,17.0
205.,.313E-14,291.1,.765E+06,.102E+09,.395E+07,.166E+07,.165E+07,.287E+07,.233E+06,16.7
210.,.232E-14,291.4,.360E+06,.773E+08,.244E+07,.155E+07,.130E+07,.177E+07,.229E+06,16.4
215.,.173E-14,291.6,.169E+06,.588E+08,.151E+07,.144E+07,.102E+07,.110E+07,.225E+06,16.2
220.,.130E-14,291.7,.800E+05,.447E+08,.938E+06,.135E+07,.803E+06,.681E+06,.221E+06,16.0
225.,.978E-15,291.8,.378E+05,.341E+08,.582E+06,.126E+07,.633E+06,.423E+06,.217E+06,15.8
230.,.740E-15,291.9,.179E+05,.260E+08,.362E+06,.118E+07,.499E+06,.263E+06,.213E+06,15.6
235.,.561E-15,291.9,.849E+04,.198E+08,.225E+06,.110E+07,.393E+06,.163E+06,.210E+06,15.4
240.,.427E-15,292.0,.403E+04,.151E+08,.140E+06,.103E+07,.310E+06,.102E+06,.206E+06,15.2
245.,.325E-15,292.0,.192E+04,.115E+08,.872E+05,.959E+06,.245E+06,.633E+05,.203E+06,15.0
250.,.249E-15,292.0,.912E+03,.879E+07,.544E+05,.896E+06,.193E+06,.395E+05,.199E+06,14.7
